ModelID,OncotreeLineage,h16_held_out
ACH-000001,Ovary_Fallopian_Tube,False
ACH-000002,Myeloid,False
ACH-000003,Bowel,False
ACH-000004,Myeloid,False
ACH-000005,Myeloid,False
ACH-000006,Myeloid,False
ACH-000007,Bowel,False
ACH-000008,Skin,False
ACH-000009,Bowel,False
ACH-000011,Bladder_Urinary_Tract,True
ACH-000012,Lung,False
ACH-000013,Ovary_Fallopian_Tube,False
ACH-000014,Skin,False
ACH-000015,Lung,False
ACH-000016,Kidney,True
ACH-000017,Breast,False
ACH-000018,Bladder_Urinary_Tract,True
ACH-000019,Breast,False
ACH-000020,Lymphoid,False
ACH-000021,Lung,False
ACH-000022,Pancreas,False
ACH-000023,Pancreas,False
ACH-000024,Lymphoid,False
ACH-000025,CNS_Brain,False
ACH-000026,Bladder_Urinary_Tract,True
ACH-000027,CNS_Brain,False
ACH-000028,Breast,False
ACH-000029,Lung,False
ACH-000030,Lung,False
ACH-000031,Pancreas,False
ACH-000032,Lymphoid,False
ACH-000033,Lung,False
ACH-000034,Myeloid,False
ACH-000035,Lung,False
ACH-000036,CNS_Brain,False
ACH-000037,Soft_Tissue,False
ACH-000038,Lymphoid,False
ACH-000039,Bone,True
ACH-000040,CNS_Brain,False
ACH-000041,Bone,True
ACH-000042,Pancreas,False
ACH-000043,Fibroblast,True
ACH-000044,Breast,False
ACH-000045,Myeloid,False
ACH-000046,Kidney,True
ACH-000047,Esophagus_Stomach,False
ACH-000048,Ovary_Fallopian_Tube,False
ACH-000049,Kidney,True
ACH-000050,Lymphoid,False
ACH-000051,Soft_Tissue,False
ACH-000052,Bone,True
ACH-000053,Lymphoid,False
ACH-000054,Soft_Tissue,False
ACH-000055,CNS_Brain,False
ACH-000056,Lymphoid,False
ACH-000057,Lymphoid,False
ACH-000058,Thyroid,True
ACH-000059,Lymphoid,False
ACH-000060,Pancreas,False
ACH-000061,Lymphoid,False
ACH-000062,Lung,False
ACH-000063,Fibroblast,True
ACH-000064,Lung,False
ACH-000065,Myeloid,False
ACH-000066,Lung,False
ACH-000067,CNS_Brain,False
ACH-000068,Lymphoid,False
ACH-000069,Lymphoid,False
ACH-000070,Lymphoid,False
ACH-000071,Fibroblast,True
ACH-000072,Myeloid,False
ACH-000073,Lymphoid,False
ACH-000074,Myeloid,False
ACH-000075,CNS_Brain,False
ACH-000076,Myeloid,False
ACH-000077,Lymphoid,False
ACH-000078,Peripheral_Nervous_System,True
ACH-000079,Fibroblast,True
ACH-000080,Myeloid,False
ACH-000081,Myeloid,False
ACH-000082,Bone,True
ACH-000083,Fibroblast,True
ACH-000084,Myeloid,False
ACH-000085,Pancreas,False
ACH-000086,Pleura,True
ACH-000087,Bone,True
ACH-000088,Fibroblast,True
ACH-000089,Bowel,False
ACH-000090,Prostate,True
ACH-000091,Ovary_Fallopian_Tube,False
ACH-000092,Pleura,True
ACH-000093,Pancreas,False
ACH-000094,Pancreas,False
ACH-000095,CNS_Brain,False
ACH-000096,Kidney,True
ACH-000097,Breast,False
ACH-000098,CNS_Brain,False
ACH-000099,Peripheral_Nervous_System,True
ACH-000100,Soft_Tissue,False
ACH-000101,Lymphoid,False
ACH-000102,CNS_Brain,False
ACH-000103,Ovary_Fallopian_Tube,False
ACH-000104,Lymphoid,False
ACH-000105,Lymphoid,False
ACH-000106,Lymphoid,False
ACH-000107,Pancreas,False
ACH-000108,Pancreas,False
ACH-000109,Lung,False
ACH-000110,Esophagus_Stomach,False
ACH-000111,Breast,False
ACH-000112,Myeloid,False
ACH-000113,Myeloid,False
ACH-000114,Pancreas,False
ACH-000115,Prostate,True
ACH-000116,Ovary_Fallopian_Tube,False
ACH-000117,Breast,False
ACH-000118,Pancreas,False
ACH-000119,Fibroblast,True
ACH-000120,Peripheral_Nervous_System,True
ACH-000121,Lung,False
ACH-000122,Lymphoid,False
ACH-000123,Ovary_Fallopian_Tube,False
ACH-000124,Lymphoid,False
ACH-000125,Fibroblast,True
ACH-000126,CNS_Brain,False
ACH-000127,Bladder_Urinary_Tract,True
ACH-000128,CNS_Brain,False
ACH-000129,Lung,False
ACH-000130,Lymphoid,False
ACH-000131,Fibroblast,True
ACH-000132,Ovary_Fallopian_Tube,False
ACH-000133,Soft_Tissue,False
ACH-000134,Fibroblast,True
ACH-000135,Fibroblast,True
ACH-000136,Peripheral_Nervous_System,True
ACH-000137,CNS_Brain,False
ACH-000138,Pancreas,False
ACH-000139,Pancreas,False
ACH-000140,Lymphoid,False
ACH-000141,Biliary_Tract,True
ACH-000142,Bladder_Urinary_Tract,True
ACH-000143,Lung,False
ACH-000144,Esophagus_Stomach,False
ACH-000145,Soft_Tissue,False
ACH-000146,Myeloid,False
ACH-000147,Breast,False
ACH-000148,Breast,False
ACH-000149,Peripheral_Nervous_System,True
ACH-000150,Lung,False
ACH-000151,Lymphoid,False
ACH-000152,CNS_Brain,False
ACH-000153,Pleura,True
ACH-000154,Fibroblast,True
ACH-000155,Pancreas,False
ACH-000156,Lymphoid,False
ACH-000157,Lymphoid,False
ACH-000158,Lymphoid,False
ACH-000159,Kidney,True
ACH-000160,CNS_Brain,False
ACH-000161,Lung,False
ACH-000162,Lymphoid,False
ACH-000163,Head_and_Neck,False
ACH-000164,Pancreas,False
ACH-000165,Fibroblast,True
ACH-000166,Myeloid,False
ACH-000167,Lymphoid,False
ACH-000168,Myeloid,False
ACH-000169,Soft_Tissue,False
ACH-000170,Prostate,True
ACH-000171,Kidney,True
ACH-000172,CNS_Brain,False
ACH-000173,Uterus,True
ACH-000174,Thyroid,True
ACH-000175,Fibroblast,True
ACH-000176,Lung,False
ACH-000177,Prostate,True
ACH-000178,Pancreas,False
ACH-000179,Lung,False
ACH-000180,Fibroblast,True
ACH-000181,Head_and_Neck,False
ACH-000182,Ampulla_of_Vater,True
ACH-000183,Lymphoid,False
ACH-000184,Fibroblast,True
ACH-000185,Fibroblast,True
ACH-000186,Lung,False
ACH-000187,Lung,False
ACH-000188,Head_and_Neck,False
ACH-000189,Kidney,True
ACH-000190,Myeloid,False
ACH-000191,Thyroid,True
ACH-000192,Uterus,True
ACH-000193,Lymphoid,False
ACH-000194,Fibroblast,True
ACH-000195,Myeloid,False
ACH-000196,Breast,False
ACH-000197,Lymphoid,False
ACH-000198,Myeloid,False
ACH-000199,Fibroblast,True
ACH-000200,CNS_Brain,False
ACH-000201,Soft_Tissue,False
ACH-000202,Bowel,False
ACH-000203,Peripheral_Nervous_System,True
ACH-000204,Lymphoid,False
ACH-000205,Pancreas,False
ACH-000206,Lymphoid,False
ACH-000207,Head_and_Neck,False
ACH-000208,CNS_Brain,False
ACH-000209,Biliary_Tract,True
ACH-000210,Bone,True
ACH-000211,CNS_Brain,False
ACH-000212,Breast,False
ACH-000213,Pancreas,False
ACH-000214,Fibroblast,True
ACH-000215,CNS_Brain,False
ACH-000216,Esophagus_Stomach,False
ACH-000217,Liver,True
ACH-000218,Myeloid,False
ACH-000219,Skin,False
ACH-000220,Lymphoid,False
ACH-000221,Liver,True
ACH-000222,Pancreas,False
ACH-000223,Breast,False
ACH-000224,Fibroblast,True
ACH-000225,Esophagus_Stomach,False
ACH-000226,Lymphoid,False
ACH-000227,Peripheral_Nervous_System,True
ACH-000228,Head_and_Neck,False
ACH-000229,Fibroblast,True
ACH-000230,Fibroblast,True
ACH-000231,CNS_Brain,False
ACH-000232,CNS_Brain,False
ACH-000233,Lymphoid,False
ACH-000234,Kidney,True
ACH-000235,Pancreas,False
ACH-000236,Bowel,False
ACH-000237,Ovary_Fallopian_Tube,False
ACH-000238,Head_and_Neck,False
ACH-000239,Esophagus_Stomach,False
ACH-000240,Fibroblast,True
ACH-000241,Myeloid,False
ACH-000242,Bladder_Urinary_Tract,True
ACH-000243,Pancreas,False
ACH-000244,CNS_Brain,False
ACH-000245,Lymphoid,False
ACH-000246,Kidney,True
ACH-000247,Esophagus_Stomach,False
ACH-000248,Breast,False
ACH-000249,Bowel,False
ACH-000250,Kidney,True
ACH-000251,Lung,False
ACH-000252,Bowel,False
ACH-000253,Bowel,False
ACH-000254,Head_and_Neck,False
ACH-000255,Esophagus_Stomach,False
ACH-000256,Ovary_Fallopian_Tube,False
ACH-000257,Lung,False
ACH-000258,Breast,False
ACH-000259,Peripheral_Nervous_System,True
ACH-000260,Peripheral_Nervous_System,True
ACH-000261,Lung,False
ACH-000262,Kidney,True
ACH-000263,Myeloid,False
ACH-000264,Lung,False
ACH-000265,Pancreas,False
ACH-000266,Pancreas,False
ACH-000267,Lymphoid,False
ACH-000268,Biliary_Tract,True
ACH-000269,CNS_Brain,False
ACH-000270,Pancreas,False
ACH-000271,Lymphoid,False
ACH-000272,Kidney,True
ACH-000273,CNS_Brain,False
ACH-000274,Skin,False
ACH-000275,Fibroblast,True
ACH-000276,Breast,False
ACH-000277,Breast,False
ACH-000278,Ovary_Fallopian_Tube,False
ACH-000279,Bone,True
ACH-000280,Ovary_Fallopian_Tube,False
ACH-000281,Pancreas,False
ACH-000282,Lung,False
ACH-000283,CNS_Brain,False
ACH-000284,Fibroblast,True
ACH-000285,Lymphoid,False
ACH-000286,Bowel,False
ACH-000287,Lymphoid,False
ACH-000288,Breast,False
ACH-000289,CNS_Brain,False
ACH-000290,Lung,False
ACH-000291,Ovary_Fallopian_Tube,False
ACH-000292,Lung,False
ACH-000293,Uterus,True
ACH-000294,Myeloid,False
ACH-000295,Myeloid,False
ACH-000296,Bowel,False
ACH-000297,Lung,False
ACH-000298,Lung,False
ACH-000299,Myeloid,False
ACH-000300,Kidney,True
ACH-000301,Myeloid,False
ACH-000302,Uterus,True
ACH-000303,Esophagus_Stomach,False
ACH-000304,Skin,False
ACH-000305,Esophagus_Stomach,False
ACH-000306,Fibroblast,True
ACH-000307,Pancreas,False
ACH-000308,Ovary_Fallopian_Tube,False
ACH-000309,Lung,False
ACH-000310,Peripheral_Nervous_System,True
ACH-000311,Lung,False
ACH-000312,Peripheral_Nervous_System,True
ACH-000313,Kidney,True
ACH-000314,Lung,False
ACH-000315,Lymphoid,False
ACH-000316,Liver,True
ACH-000317,Kidney,True
ACH-000318,Esophagus_Stomach,False
ACH-000319,Pleura,True
ACH-000320,Pancreas,False
ACH-000321,Myeloid,False
ACH-000322,Skin,False
ACH-000323,CNS_Brain,False
ACH-000324,Ovary_Fallopian_Tube,False
ACH-000325,Esophagus_Stomach,False
ACH-000326,Myeloid,False
ACH-000327,Lung,False
ACH-000328,CNS_Brain,False
ACH-000329,CNS_Brain,False
ACH-000330,Breast,False
ACH-000331,Pleura,True
ACH-000332,Pancreas,False
ACH-000333,Ovary_Fallopian_Tube,False
ACH-000334,Lymphoid,False
ACH-000335,Pleura,True
ACH-000336,Myeloid,False
ACH-000337,Lung,False
ACH-000338,Lymphoid,False
ACH-000339,Lung,False
ACH-000340,Fibroblast,True
ACH-000341,Peripheral_Nervous_System,True
ACH-000342,Bowel,False
ACH-000343,Lung,False
ACH-000344,Esophagus_Stomach,False
ACH-000345,Peripheral_Nervous_System,True
ACH-000346,Lymphoid,False
ACH-000347,Pancreas,False
ACH-000348,Skin,False
ACH-000349,Breast,False
ACH-000350,Bowel,False
ACH-000351,Esophagus_Stomach,False
ACH-000352,Breast,False
ACH-000353,Esophagus_Stomach,False
ACH-000354,Pancreas,False
ACH-000355,Lung,False
ACH-000356,Esophagus_Stomach,False
ACH-000357,Lymphoid,False
ACH-000358,Lung,False
ACH-000359,Bone,True
ACH-000360,Bowel,False
ACH-000361,Liver,True
ACH-000362,Myeloid,False
ACH-000363,Lymphoid,False
ACH-000364,Bone,True
ACH-000365,Lymphoid,False
ACH-000366,Peripheral_Nervous_System,True
ACH-000367,Pleura,True
ACH-000368,CNS_Brain,False
ACH-000369,Myeloid,False
ACH-000370,CNS_Brain,False
ACH-000371,Lymphoid,False
ACH-000372,Lymphoid,False
ACH-000373,Myeloid,False
ACH-000374,Breast,False
ACH-000375,Kidney,True
ACH-000376,CNS_Brain,False
ACH-000377,Ampulla_of_Vater,True
ACH-000378,Lung,False
ACH-000379,Lung,False
ACH-000380,Lymphoid,False
ACH-000381,Bowel,False
ACH-000382,Lung,False
ACH-000383,Esophagus_Stomach,False
ACH-000384,Bladder_Urinary_Tract,True
ACH-000385,Kidney,True
ACH-000386,Myeloid,False
ACH-000387,Myeloid,False
ACH-000388,Lymphoid,False
ACH-000389,CNS_Brain,False
ACH-000390,Lung,False
ACH-000391,Bone,True
ACH-000392,Lung,False
ACH-000393,Liver,True
ACH-000394,Lung,False
ACH-000395,Lung,False
ACH-000396,Bladder_Urinary_Tract,True
ACH-000397,Uterus,True
ACH-000398,Lymphoid,False
ACH-000399,Lung,False
ACH-000400,Bowel,False
ACH-000401,Skin,False
ACH-000402,Lymphoid,False
ACH-000403,Bowel,False
ACH-000404,Skin,False
ACH-000405,Lymphoid,False
ACH-000406,Myeloid,False
ACH-000407,Uterus,True
ACH-000408,Esophagus_Stomach,False
ACH-000409,Ovary_Fallopian_Tube,False
ACH-000410,Bone,True
ACH-000411,Kidney,True
ACH-000412,Bowel,False
ACH-000413,Fibroblast,True
ACH-000414,Lung,False
ACH-000415,Head_and_Neck,False
ACH-000416,Lung,False
ACH-000417,Pancreas,False
ACH-000418,Bone,True
ACH-000419,Lymphoid,False
ACH-000420,Liver,True
ACH-000421,Bowel,False
ACH-000422,Liver,True
ACH-000423,Skin,False
ACH-000424,Bone,True
ACH-000425,Skin,False
ACH-000426,Lymphoid,False
ACH-000427,Esophagus_Stomach,False
ACH-000428,Kidney,True
ACH-000429,Kidney,True
ACH-000430,Ovary_Fallopian_Tube,False
ACH-000431,Lung,False
ACH-000432,Myeloid,False
ACH-000433,Kidney,True
ACH-000434,Lung,False
ACH-000435,Uterus,True
ACH-000436,Lymphoid,False
ACH-000437,CNS_Brain,False
ACH-000438,Lung,False
ACH-000439,Myeloid,False
ACH-000440,Lymphoid,False
ACH-000441,Skin,False
ACH-000442,Lung,False
ACH-000443,Ovary_Fallopian_Tube,False
ACH-000444,Lung,False
ACH-000445,CNS_Brain,False
ACH-000446,Peripheral_Nervous_System,True
ACH-000447,Lung,False
ACH-000448,Lung,False
ACH-000449,Uterus,True
ACH-000450,Skin,False
ACH-000451,Lung,False
ACH-000452,Esophagus_Stomach,False
ACH-000453,Lymphoid,False
ACH-000454,Lung,False
ACH-000455,CNS_Brain,False
ACH-000456,Thyroid,True
ACH-000457,Kidney,True
ACH-000458,Skin,False
ACH-000459,Kidney,True
ACH-000460,Ovary_Fallopian_Tube,False
ACH-000461,Biliary_Tract,True
ACH-000462,Myeloid,False
ACH-000463,Lung,False
ACH-000464,CNS_Brain,False
ACH-000465,Skin,False
ACH-000466,Esophagus_Stomach,False
ACH-000467,Bowel,False
ACH-000468,Pancreas,False
ACH-000469,CNS_Brain,False
ACH-000470,Bowel,False
ACH-000471,Liver,True
ACH-000472,Head_and_Neck,False
ACH-000473,Bladder_Urinary_Tract,True
ACH-000475,Liver,True
ACH-000476,Liver,True
ACH-000477,Skin,False
ACH-000478,Liver,True
ACH-000479,CNS_Brain,False
ACH-000480,Liver,True
ACH-000481,Lung,False
ACH-000482,Lung,False
ACH-000483,Liver,True
ACH-000484,Kidney,True
ACH-000485,Esophagus_Stomach,False
ACH-000486,Bladder_Urinary_Tract,True
ACH-000487,Myeloid,False
ACH-000488,Esophagus_Stomach,False
ACH-000489,Bowel,False
ACH-000490,Cervix,True
ACH-000491,Bowel,False
ACH-000492,Lymphoid,False
ACH-000493,Liver,True
ACH-000494,Ovary_Fallopian_Tube,False
ACH-000495,Kidney,True
ACH-000496,Lung,False
ACH-000498,Myeloid,False
ACH-000499,Bone,True
ACH-000500,Head_and_Neck,False
ACH-000501,Bowel,False
ACH-000502,Pancreas,False
ACH-000503,Head_and_Neck,False
ACH-000504,CNS_Brain,False
ACH-000505,Soft_Tissue,False
ACH-000506,Lung,False
ACH-000507,Esophagus_Stomach,False
ACH-000508,Lung,False
ACH-000509,Lymphoid,False
ACH-000510,Lung,False
ACH-000511,Lung,False
ACH-000512,Lymphoid,False
ACH-000513,Kidney,True
ACH-000514,Lung,False
ACH-000515,Lung,False
ACH-000516,Bone,True
ACH-000517,Pancreas,False
ACH-000518,Head_and_Neck,False
ACH-000519,Lymphoid,False
ACH-000520,Ovary_Fallopian_Tube,False
ACH-000521,Lung,False
ACH-000522,Bladder_Urinary_Tract,True
ACH-000523,Lung,False
ACH-000524,Ovary_Fallopian_Tube,False
ACH-000525,Lung,False
ACH-000526,Fibroblast,True
ACH-000527,Ovary_Fallopian_Tube,False
ACH-000528,Lung,False
ACH-000529,Fibroblast,True
ACH-000530,Lung,False
ACH-000531,Fibroblast,True
ACH-000532,Bowel,False
ACH-000533,Kidney,True
ACH-000534,Lymphoid,False
ACH-000535,Pancreas,False
ACH-000536,Breast,False
ACH-000537,Liver,True
ACH-000538,Bowel,False
ACH-000539,Fibroblast,True
ACH-000540,Fibroblast,True
ACH-000541,Lymphoid,False
ACH-000542,Ovary_Fallopian_Tube,False
ACH-000543,CNS_Brain,False
ACH-000544,Esophagus_Stomach,False
ACH-000545,Bladder_Urinary_Tract,True
ACH-000546,Head_and_Neck,False
ACH-000547,Bladder_Urinary_Tract,True
ACH-000548,Head_and_Neck,False
ACH-000549,Head_and_Neck,False
ACH-000550,Skin,False
ACH-000551,Myeloid,False
ACH-000552,Bowel,False
ACH-000553,Lung,False
ACH-000554,Breast,False
ACH-000555,Kidney,True
ACH-000556,Cervix,True
ACH-000557,Myeloid,False
ACH-000558,CNS_Brain,False
ACH-000559,Lung,False
ACH-000560,Esophagus_Stomach,False
ACH-000561,Esophagus_Stomach,False
ACH-000562,Lung,False
ACH-000563,Lung,False
ACH-000564,Lymphoid,False
ACH-000565,Bowel,False
ACH-000566,Bladder_Urinary_Tract,True
ACH-000567,Lymphoid,False
ACH-000568,Breast,False
ACH-000569,Pleura,True
ACH-000570,CNS_Brain,False
ACH-000571,CNS_Brain,False
ACH-000572,Skin,False
ACH-000573,Breast,False
ACH-000574,Ovary_Fallopian_Tube,False
ACH-000575,Lung,False
ACH-000576,Lymphoid,False
ACH-000577,Liver,True
ACH-000578,Lung,False
ACH-000579,Skin,False
ACH-000580,Skin,False
ACH-000581,Esophagus_Stomach,False
ACH-000582,Skin,False
ACH-000583,Lymphoid,False
ACH-000584,Ovary_Fallopian_Tube,False
ACH-000585,Lung,False
ACH-000586,Lung,False
ACH-000587,Lung,False
ACH-000588,Lymphoid,False
ACH-000589,Lung,False
ACH-000590,Lung,False
ACH-000591,CNS_Brain,False
ACH-000592,CNS_Brain,False
ACH-000593,Bladder_Urinary_Tract,True
ACH-000594,Lung,False
ACH-000595,CNS_Brain,False
ACH-000596,Lung,False
ACH-000597,CNS_Brain,False
ACH-000598,Lymphoid,False
ACH-000599,Pancreas,False
ACH-000600,Kidney,True
ACH-000601,Pancreas,False
ACH-000602,Myeloid,False
ACH-000603,Lung,False
ACH-000604,Myeloid,False
ACH-000605,Esophagus_Stomach,False
ACH-000606,Head_and_Neck,False
ACH-000607,Soft_Tissue,False
ACH-000608,Ovary_Fallopian_Tube,False
ACH-000609,CNS_Brain,False
ACH-000610,Lung,False
ACH-000611,Lymphoid,False
ACH-000612,Lymphoid,False
ACH-000613,Bone,True
ACH-000614,Skin,False
ACH-000615,Skin,False
ACH-000616,Esophagus_Stomach,False
ACH-000617,Ovary_Fallopian_Tube,False
ACH-000618,Head_and_Neck,False
ACH-000619,Head_and_Neck,False
ACH-000620,Liver,True
ACH-000621,Breast,False
ACH-000622,CNS_Brain,False
ACH-000623,CNS_Brain,False
ACH-000624,Breast,False
ACH-000625,Liver,True
ACH-000626,Lymphoid,False
ACH-000627,Lung,False
ACH-000628,Lung,False
ACH-000629,CNS_Brain,False
ACH-000630,Head_and_Neck,False
ACH-000631,CNS_Brain,False
ACH-000632,Skin,False
ACH-000633,Esophagus_Stomach,False
ACH-000634,CNS_Brain,False
ACH-000635,Ovary_Fallopian_Tube,False
ACH-000636,Lymphoid,False
ACH-000637,Esophagus_Stomach,False
ACH-000638,Lung,False
ACH-000639,Lung,False
ACH-000640,Skin,False
ACH-000641,Myeloid,False
ACH-000642,Breast,False
ACH-000643,Breast,False
ACH-000644,Skin,False
ACH-000645,Pleura,True
ACH-000646,Ovary_Fallopian_Tube,False
ACH-000647,Esophagus_Stomach,False
ACH-000648,Pleura,True
ACH-000649,Kidney,True
ACH-000650,Skin,False
ACH-000651,Bowel,False
ACH-000652,Pancreas,False
ACH-000653,Lymphoid,False
ACH-000654,Lymphoid,False
ACH-000655,CNS_Brain,False
ACH-000656,Lymphoid,False
ACH-000657,Ovary_Fallopian_Tube,False
ACH-000658,Lymphoid,False
ACH-000659,Lung,False
ACH-000660,Lymphoid,False
ACH-000661,Skin,False
ACH-000662,Lung,False
ACH-000663,Ovary_Fallopian_Tube,False
ACH-000664,Lymphoid,False
ACH-000665,Lung,False
ACH-000666,Lung,False
ACH-000667,Lung,False
ACH-000668,Breast,False
ACH-000669,Lung,False
ACH-000670,Lung,False
ACH-000671,Liver,True
ACH-000672,Lung,False
ACH-000673,CNS_Brain,False
ACH-000674,Esophagus_Stomach,False
ACH-000675,Lung,False
ACH-000676,CNS_Brain,False
ACH-000677,Lung,False
ACH-000678,Esophagus_Stomach,False
ACH-000679,Esophagus_Stomach,False
ACH-000680,Bowel,False
ACH-000681,Lung,False
ACH-000682,Head_and_Neck,False
ACH-000683,Bowel,False
ACH-000684,Kidney,True
ACH-000685,Pancreas,False
ACH-000686,Liver,True
ACH-000687,Lymphoid,False
ACH-000688,Ovary_Fallopian_Tube,False
ACH-000689,Soft_Tissue,False
ACH-000690,Lung,False
ACH-000691,Breast,False
ACH-000692,Head_and_Neck,False
ACH-000693,Esophagus_Stomach,False
ACH-000694,Esophagus_Stomach,False
ACH-000695,Lung,False
ACH-000696,Ovary_Fallopian_Tube,False
ACH-000697,Lymphoid,False
ACH-000698,Lung,False
ACH-000699,Breast,False
ACH-000700,Lung,False
ACH-000701,Ovary_Fallopian_Tube,False
ACH-000702,Lymphoid,False
ACH-000703,Lung,False
ACH-000704,Ovary_Fallopian_Tube,False
ACH-000705,Lung,False
ACH-000706,Lung,False
ACH-000707,Lymphoid,False
ACH-000708,Bowel,False
ACH-000709,Kidney,True
ACH-000710,Bowel,False
ACH-000711,Breast,False
ACH-000712,Lung,False
ACH-000713,Ovary_Fallopian_Tube,False
ACH-000714,Lymphoid,False
ACH-000715,Head_and_Neck,False
ACH-000716,Thyroid,True
ACH-000717,Esophagus_Stomach,False
ACH-000718,Lung,False
ACH-000719,Ovary_Fallopian_Tube,False
ACH-000720,Bladder_Urinary_Tract,True
ACH-000721,Breast,False
ACH-000722,Bowel,False
ACH-000723,Head_and_Neck,False
ACH-000724,Bladder_Urinary_Tract,True
ACH-000725,Breast,False
ACH-000726,Esophagus_Stomach,False
ACH-000727,Lung,False
ACH-000728,Lymphoid,False
ACH-000729,Lung,False
ACH-000730,Skin,False
ACH-000731,Lung,False
ACH-000732,Head_and_Neck,False
ACH-000733,Lung,False
ACH-000734,Liver,True
ACH-000735,Head_and_Neck,False
ACH-000736,Esophagus_Stomach,False
ACH-000737,Lung,False
ACH-000738,CNS_Brain,False
ACH-000739,Liver,True
ACH-000740,Head_and_Neck,False
ACH-000741,Bladder_Urinary_Tract,True
ACH-000742,Fibroblast,True
ACH-000743,Lung,False
ACH-000744,Lung,False
ACH-000745,Lymphoid,False
ACH-000746,Esophagus_Stomach,False
ACH-000747,Lung,False
ACH-000748,Bone,True
ACH-000749,Lung,False
ACH-000750,Skin,False
ACH-000751,Myeloid,False
ACH-000752,Lung,False
ACH-000753,Bladder_Urinary_Tract,True
ACH-000754,Lymphoid,False
ACH-000755,Breast,False
ACH-000756,CNS_Brain,False
ACH-000757,Lung,False
ACH-000758,Esophagus_Stomach,False
ACH-000759,Breast,False
ACH-000760,CNS_Brain,False
ACH-000761,Esophagus_Stomach,False
ACH-000762,Head_and_Neck,False
ACH-000763,Lymphoid,False
ACH-000764,Esophagus_Stomach,False
ACH-000765,Skin,False
ACH-000766,Lung,False
ACH-000767,Lung,False
ACH-000768,Breast,False
ACH-000769,Lung,False
ACH-000770,Myeloid,False
ACH-000771,Head_and_Neck,False
ACH-000772,Soft_Tissue,False
ACH-000773,Lymphoid,False
ACH-000774,Lung,False
ACH-000775,Lung,False
ACH-000776,CNS_Brain,False
ACH-000777,Esophagus_Stomach,False
ACH-000778,Head_and_Neck,False
ACH-000779,Lung,False
ACH-000780,Lung,False
ACH-000781,Lung,False
ACH-000782,Lymphoid,False
ACH-000783,Breast,False
ACH-000784,Esophagus_Stomach,False
ACH-000785,Lung,False
ACH-000786,Lymphoid,False
ACH-000787,Lung,False
ACH-000788,Skin,False
ACH-000789,Lung,False
ACH-000790,Lung,False
ACH-000791,Lung,False
ACH-000792,Kidney,True
ACH-000793,Esophagus_Stomach,False
ACH-000794,Head_and_Neck,False
ACH-000795,Lymphoid,False
ACH-000796,Ovary_Fallopian_Tube,False
ACH-000797,Fibroblast,True
ACH-000798,Bowel,False
ACH-000799,Skin,False
ACH-000800,Lung,False
ACH-000801,Skin,False
ACH-000802,Bladder_Urinary_Tract,True
ACH-000803,Lung,False
ACH-000804,Peripheral_Nervous_System,True
ACH-000805,Skin,False
ACH-000806,Lymphoid,False
ACH-000807,CNS_Brain,False
ACH-000808,Biliary_Tract,True
ACH-000809,Esophagus_Stomach,False
ACH-000810,Skin,False
ACH-000811,Ovary_Fallopian_Tube,False
ACH-000812,Skin,False
ACH-000813,Lung,False
ACH-000814,Skin,False
ACH-000815,Lymphoid,False
ACH-000816,Lung,False
ACH-000817,Lymphoid,False
ACH-000818,Breast,False
ACH-000819,CNS_Brain,False
ACH-000820,Bowel,False
ACH-000821,Lymphoid,False
ACH-000822,Skin,False
ACH-000823,Esophagus_Stomach,False
ACH-000824,Esophagus_Stomach,False
ACH-000825,Lung,False
ACH-000826,Lung,False
ACH-000827,Skin,False
ACH-000828,Breast,False
ACH-000829,Lymphoid,False
ACH-000830,Lung,False
ACH-000831,Uterus,True
ACH-000832,Head_and_Neck,False
ACH-000833,Soft_Tissue,False
ACH-000834,Bladder_Urinary_Tract,True
ACH-000835,Soft_Tissue,False
ACH-000836,Head_and_Neck,False
ACH-000837,Lung,False
ACH-000838,Lymphoid,False
ACH-000839,Bladder_Urinary_Tract,True
ACH-000840,Lung,False
ACH-000841,Lung,False
ACH-000842,Bowel,False
ACH-000843,Lung,False
ACH-000844,Lung,False
ACH-000845,Lung,False
ACH-000846,Head_and_Neck,False
ACH-000847,Esophagus_Stomach,False
ACH-000848,Liver,True
ACH-000849,Breast,False
ACH-000850,Fibroblast,True
ACH-000851,Lung,False
ACH-000852,Lung,False
ACH-000853,Lung,False
ACH-000854,Lymphoid,False
ACH-000855,Esophagus_Stomach,False
ACH-000856,Breast,False
ACH-000857,Breast,False
ACH-000858,Lung,False
ACH-000859,Breast,False
ACH-000860,Lung,False
ACH-000861,Lung,False
ACH-000862,Bladder_Urinary_Tract,True
ACH-000863,CNS_Brain,False
ACH-000864,Uterus,True
ACH-000865,Esophagus_Stomach,False
ACH-000866,Lung,False
ACH-000867,Lung,False
ACH-000868,Lung,False
ACH-000869,Lung,False
ACH-000870,Lung,False
ACH-000871,Lung,False
ACH-000872,Lung,False
ACH-000873,Esophagus_Stomach,False
ACH-000874,Lymphoid,False
ACH-000875,Lung,False
ACH-000876,Breast,False
ACH-000877,Lymphoid,False
ACH-000878,Lung,False
ACH-000879,Uterus,True
ACH-000880,Esophagus_Stomach,False
ACH-000881,Skin,False
ACH-000882,Skin,False
ACH-000883,CNS_Brain,False
ACH-000884,Skin,False
ACH-000885,Ovary_Fallopian_Tube,False
ACH-000886,Lung,False
ACH-000887,CNS_Brain,False
ACH-000888,Lung,False
ACH-000889,Lymphoid,False
ACH-000890,Lung,False
ACH-000891,Lung,False
ACH-000892,Lung,False
ACH-000893,Lung,False
ACH-000894,Lung,False
ACH-000895,Bowel,False
ACH-000896,Bladder_Urinary_Tract,True
ACH-000897,Thyroid,True
ACH-000898,Esophagus_Stomach,False
ACH-000899,Skin,False
ACH-000900,Lung,False
ACH-000901,Lung,False
ACH-000902,Breast,False
ACH-000903,Thyroid,True
ACH-000904,Lung,False
ACH-000905,Bladder_Urinary_Tract,True
ACH-000906,Ovary_Fallopian_Tube,False
ACH-000907,Kidney,True
ACH-000908,Esophagus_Stomach,False
ACH-000909,Uterus,True
ACH-000910,Breast,False
ACH-000911,Esophagus_Stomach,False
ACH-000912,Lung,False
ACH-000913,Uterus,True
ACH-000914,Lymphoid,False
ACH-000915,Skin,False
ACH-000916,Lung,False
ACH-000917,Esophagus_Stomach,False
ACH-000918,Lymphoid,False
ACH-000919,Esophagus_Stomach,False
ACH-000920,Myeloid,False
ACH-000921,Lung,False
ACH-000922,Lymphoid,False
ACH-000923,Lymphoid,False
ACH-000924,Lung,False
ACH-000925,Lung,False
ACH-000926,Bowel,False
ACH-000927,Breast,False
ACH-000928,Uterus,True
ACH-000929,Lung,False
ACH-000930,Breast,False
ACH-000931,Skin,False
ACH-000932,Esophagus_Stomach,False
ACH-000933,Pancreas,False
ACH-000934,Breast,False
ACH-000935,Bowel,False
ACH-000936,Ovary_Fallopian_Tube,False
ACH-000937,Lymphoid,False
ACH-000938,Lymphoid,False
ACH-000939,Uterus,True
ACH-000940,Uterus,True
ACH-000941,Uterus,True
ACH-000942,Lymphoid,False
ACH-000943,Bowel,False
ACH-000944,Lymphoid,False
ACH-000945,Lung,False
ACH-000946,Uterus,True
ACH-000947,Ovary_Fallopian_Tube,False
ACH-000948,Esophagus_Stomach,False
ACH-000949,Esophagus_Stomach,False
ACH-000950,Bowel,False
ACH-000951,Lung,False
ACH-000952,Prostate,True
ACH-000953,Lymphoid,False
ACH-000954,Uterus,True
ACH-000955,Bowel,False
ACH-000956,Prostate,True
ACH-000957,Bowel,False
ACH-000958,Bowel,False
ACH-000959,Bowel,False
ACH-000960,Lymphoid,False
ACH-000961,Uterus,True
ACH-000962,Ovary_Fallopian_Tube,False
ACH-000963,Bowel,False
ACH-000964,Lymphoid,False
ACH-000965,Uterus,True
ACH-000966,Ovary_Fallopian_Tube,False
ACH-000967,Bowel,False
ACH-000968,Skin,False
ACH-000969,Bowel,False
ACH-000970,Bowel,False
ACH-000971,Bowel,False
ACH-000972,Uterus,True
ACH-000973,Bladder_Urinary_Tract,True
ACH-000974,Uterus,True
ACH-000975,Lung,False
ACH-000976,Biliary_Tract,True
ACH-000977,Prostate,True
ACH-000978,Uterus,True
ACH-000979,Prostate,True
ACH-000980,Lung,False
ACH-000981,Lymphoid,False
ACH-000982,Bowel,False
ACH-000983,Myeloid,False
ACH-000984,Uterus,True
ACH-000985,Bowel,False
ACH-000986,Bowel,False
ACH-000987,Skin,False
ACH-000988,Uterus,True
ACH-000989,Bowel,False
ACH-000990,Uterus,True
ACH-000991,Bowel,False
ACH-000992,Head_and_Neck,False
ACH-000993,Uterus,True
ACH-000994,Uterus,True
ACH-000995,Lymphoid,False
ACH-000996,Uterus,True
ACH-000997,Bowel,False
ACH-000998,Bowel,False
ACH-000999,Bowel,False
ACH-001000,CNS_Brain,False
ACH-001001,Bone,True
ACH-001002,Skin,False
ACH-001007,Bone,True
ACH-001008,Bone,True
ACH-001009,Bone,True
ACH-001010,Bone,True
ACH-001015,Bowel,False
ACH-001016,CNS_Brain,False
ACH-001017,Cervix,True
ACH-001018,Fibroblast,True
ACH-001020,CNS_Brain,False
ACH-001021,Liver,True
ACH-001022,Bone,True
ACH-001023,Head_and_Neck,False
ACH-001024,Skin,False
ACH-001028,CNS_Brain,False
ACH-001029,Bone,True
ACH-001030,Bone,True
ACH-001031,CNS_Brain,False
ACH-001032,Bone,True
ACH-001033,CNS_Brain,False
ACH-001034,Bone,True
ACH-001035,Bone,True
ACH-001036,Myeloid,False
ACH-001037,Myeloid,False
ACH-001038,Bone,True
ACH-001039,Bowel,False
ACH-001041,Skin,False
ACH-001042,Uterus,True
ACH-001043,Lymphoid,False
ACH-001044,Skin,False
ACH-001045,Skin,False
ACH-001047,Lung,False
ACH-001048,Ovary_Fallopian_Tube,False
ACH-001049,Lung,False
ACH-001050,Soft_Tissue,False
ACH-001052,CNS_Brain,False
ACH-001053,CNS_Brain,False
ACH-001054,CNS_Brain,False
ACH-001055,CNS_Brain,False
ACH-001057,Lymphoid,False
ACH-001059,CNS_Brain,False
ACH-001060,Lymphoid,False
ACH-001061,Bowel,False
ACH-001063,Ovary_Fallopian_Tube,False
ACH-001064,Lymphoid,False
ACH-001065,Breast,False
ACH-001066,Bone,True
ACH-001067,CNS_Brain,False
ACH-001068,Lymphoid,False
ACH-001071,Cervix,True
ACH-001072,Pancreas,False
ACH-001075,Lung,False
ACH-001079,Lung,False
ACH-001081,Bowel,False
ACH-001084,Bowel,False
ACH-001086,Cervix,True
ACH-001087,Kidney,True
ACH-001088,Lung,False
ACH-001089,Liver,True
ACH-001090,Head_and_Neck,False
ACH-001091,Bowel,False
ACH-001093,Fibroblast,True
ACH-001094,Bone,True
ACH-001096,Soft_Tissue,False
ACH-001097,Lymphoid,False
ACH-001098,Pancreas,False
ACH-001099,CNS_Brain,False
ACH-001100,Lymphoid,False
ACH-001101,Pancreas,False
ACH-001106,Lymphoid,False
ACH-001107,Pancreas,False
ACH-001109,Kidney,True
ACH-001111,Lymphoid,False
ACH-001113,Lung,False
ACH-001118,CNS_Brain,False
ACH-001119,Lymphoid,False
ACH-001121,Lymphoid,False
ACH-001122,Skin,False
ACH-001123,Skin,False
ACH-001125,CNS_Brain,False
ACH-001126,CNS_Brain,False
ACH-001127,Lymphoid,False
ACH-001128,CNS_Brain,False
ACH-001129,Myeloid,False
ACH-001130,Lymphoid,False
ACH-001131,Skin,False
ACH-001132,Lymphoid,False
ACH-001134,Lymphoid,False
ACH-001136,Lung,False
ACH-001137,Lung,False
ACH-001138,Lung,False
ACH-001142,CNS_Brain,False
ACH-001143,Lymphoid,False
ACH-001144,Ovary_Fallopian_Tube,False
ACH-001145,Ovary_Fallopian_Tube,False
ACH-001146,Lymphoid,False
ACH-001147,Lymphoid,False
ACH-001148,Lymphoid,False
ACH-001150,Bone,True
ACH-001151,Ovary_Fallopian_Tube,False
ACH-001162,Lymphoid,False
ACH-001163,Kidney,True
ACH-001164,Soft_Tissue,False
ACH-001170,Skin,False
ACH-001171,Pancreas,False
ACH-001172,CNS_Brain,False
ACH-001175,Kidney,True
ACH-001182,Lymphoid,False
ACH-001183,Bladder_Urinary_Tract,True
ACH-001184,Soft_Tissue,False
ACH-001188,Peripheral_Nervous_System,True
ACH-001189,Soft_Tissue,False
ACH-001190,Skin,False
ACH-001192,Bone,True
ACH-001193,Bone,True
ACH-001194,Kidney,True
ACH-001196,Soft_Tissue,False
ACH-001197,Lymphoid,False
ACH-001198,CNS_Brain,False
ACH-001199,Bowel,False
ACH-001200,Kidney,True
ACH-001201,CNS_Brain,False
ACH-001203,Lymphoid,False
ACH-001205,Bone,True
ACH-001206,Bone,True
ACH-001207,Fibroblast,True
ACH-001208,Kidney,True
ACH-001210,Kidney,True
ACH-001211,CNS_Brain,False
ACH-001212,CNS_Brain,False
ACH-001214,CNS_Brain,False
ACH-001224,Kidney,True
ACH-001225,Kidney,True
ACH-001227,Head_and_Neck,False
ACH-001228,Head_and_Neck,False
ACH-001229,Head_and_Neck,False
ACH-001230,Myeloid,False
ACH-001232,CNS_Brain,False
ACH-001233,Lung,False
ACH-001234,Lung,False
ACH-001239,Skin,False
ACH-001249,Breast,False
ACH-001270,Soft_Tissue,False
ACH-001272,Soft_Tissue,False
ACH-001274,Soft_Tissue,False
ACH-001275,Soft_Tissue,False
ACH-001277,Soft_Tissue,False
ACH-001278,Ovary_Fallopian_Tube,False
ACH-001279,Ovary_Fallopian_Tube,False
ACH-001280,Soft_Tissue,False
ACH-001282,Bone,True
ACH-001283,Bone,True
ACH-001289,CNS_Brain,False
ACH-001295,Eye,True
ACH-001300,Peripheral_Nervous_System,True
ACH-001301,Peripheral_Nervous_System,True
ACH-001302,Peripheral_Nervous_System,True
ACH-001303,Peripheral_Nervous_System,True
ACH-001306,Thyroid,True
ACH-001307,Thyroid,True
ACH-001310,Kidney,True
ACH-001318,Liver,True
ACH-001321,Thyroid,True
ACH-001322,Soft_Tissue,False
ACH-001328,Skin,False
ACH-001329,CNS_Brain,False
ACH-001331,Head_and_Neck,False
ACH-001332,Head_and_Neck,False
ACH-001333,Cervix,True
ACH-001334,Cervix,True
ACH-001335,Cervix,True
ACH-001336,Cervix,True
ACH-001338,Peripheral_Nervous_System,True
ACH-001339,Skin,False
ACH-001340,Ovary_Fallopian_Tube,False
ACH-001341,Cervix,True
ACH-001344,Peripheral_Nervous_System,True
ACH-001345,Bowel,False
ACH-001346,Head_and_Neck,False
ACH-001347,Head_and_Neck,False
ACH-001350,Thyroid,True
ACH-001353,Pancreas,False
ACH-001354,Peripheral_Nervous_System,True
ACH-001355,Peripheral_Nervous_System,True
ACH-001356,Thyroid,True
ACH-001357,Breast,False
ACH-001358,Breast,False
ACH-001359,Cervix,True
ACH-001360,Cervix,True
ACH-001362,Lung,False
ACH-001363,Lung,False
ACH-001364,Lung,False
ACH-001365,Lung,False
ACH-001366,Peripheral_Nervous_System,True
ACH-001367,Peripheral_Nervous_System,True
ACH-001368,Esophagus_Stomach,False
ACH-001369,Ovary_Fallopian_Tube,False
ACH-001370,Ovary_Fallopian_Tube,False
ACH-001373,Ovary_Fallopian_Tube,False
ACH-001374,Ovary_Fallopian_Tube,False
ACH-001375,Pancreas,False
ACH-001376,Pancreas,False
ACH-001377,Pancreas,False
ACH-001378,Pancreas,False
ACH-001379,Pancreas,False
ACH-001380,Pancreas,False
ACH-001382,Pancreas,False
ACH-001383,Prostate,True
ACH-001384,Thyroid,True
ACH-001385,Head_and_Neck,False
ACH-001386,Lung,False
ACH-001388,Breast,False
ACH-001389,Breast,False
ACH-001390,Breast,False
ACH-001391,Breast,False
ACH-001392,Breast,False
ACH-001393,Breast,False
ACH-001394,Breast,False
ACH-001395,Breast,False
ACH-001396,Breast,False
ACH-001397,Breast,False
ACH-001398,Kidney,True
ACH-001399,Bowel,False
ACH-001400,Vulva_Vagina,True
ACH-001401,Adrenal_Gland,False
ACH-001402,Cervix,True
ACH-001403,Ovary_Fallopian_Tube,False
ACH-001407,Bladder_Urinary_Tract,True
ACH-001408,Bladder_Urinary_Tract,True
ACH-001409,Bladder_Urinary_Tract,True
ACH-001410,Bladder_Urinary_Tract,True
ACH-001411,Bladder_Urinary_Tract,True
ACH-001412,Bladder_Urinary_Tract,True
ACH-001413,Bladder_Urinary_Tract,True
ACH-001414,Bladder_Urinary_Tract,True
ACH-001415,Bladder_Urinary_Tract,True
ACH-001416,Bladder_Urinary_Tract,True
ACH-001417,Lung,False
ACH-001418,Ovary_Fallopian_Tube,False
ACH-001419,Breast,False
ACH-001421,Eye,True
ACH-001422,Prostate,True
ACH-001430,Bone,True
ACH-001431,Bone,True
ACH-001433,Soft_Tissue,False
ACH-001441,Eye,True
ACH-001442,Skin,False
ACH-001443,Thyroid,True
ACH-001450,Lymphoid,False
ACH-001451,Cervix,True
ACH-001452,Lymphoid,False
ACH-001453,Prostate,True
ACH-001454,Bowel,False
ACH-001456,Bowel,False
ACH-001458,Bowel,False
ACH-001459,Bowel,False
ACH-001460,Bowel,False
ACH-001461,Bowel,False
ACH-001481,Peripheral_Nervous_System,True
ACH-001484,Lymphoid,False
ACH-001485,Lymphoid,False
ACH-001489,Lung,False
ACH-001490,Lung,False
ACH-001494,Biliary_Tract,True
ACH-001495,Uterus,True
ACH-001496,Esophagus_Stomach,False
ACH-001497,Esophagus_Stomach,False
ACH-001498,Lymphoid,False
ACH-001500,Esophagus_Stomach,False
ACH-001509,Head_and_Neck,False
ACH-001510,Head_and_Neck,False
ACH-001511,Head_and_Neck,False
ACH-001513,Cervix,True
ACH-001514,Breast,False
ACH-001515,Cervix,True
ACH-001516,Cervix,True
ACH-001517,Uterus,True
ACH-001518,Uterus,True
ACH-001519,Bone,True
ACH-001520,Lymphoid,False
ACH-001521,Skin,False
ACH-001522,Skin,False
ACH-001523,Skin,False
ACH-001524,Skin,False
ACH-001525,Cervix,True
ACH-001526,Bone,True
ACH-001528,Thyroid,True
ACH-001529,Uterus,True
ACH-001530,Uterus,True
ACH-001532,Kidney,True
ACH-001533,Lymphoid,False
ACH-001536,Biliary_Tract,True
ACH-001538,Biliary_Tract,True
ACH-001539,Lymphoid,False
ACH-001540,Soft_Tissue,False
ACH-001541,Lymphoid,False
ACH-001542,Head_and_Neck,False
ACH-001543,Head_and_Neck,False
ACH-001544,Esophagus_Stomach,False
ACH-001547,Pleura,True
ACH-001548,Peripheral_Nervous_System,True
ACH-001549,Lung,False
ACH-001550,Skin,False
ACH-001551,Skin,False
ACH-001552,Skin,False
ACH-001554,Eye,True
ACH-001555,Pleura,True
ACH-001556,Pleura,True
ACH-001557,Pleura,True
ACH-001558,Pleura,True
ACH-001559,Pleura,True
ACH-001560,Pleura,True
ACH-001561,Pleura,True
ACH-001562,Pleura,True
ACH-001563,Skin,False
ACH-001566,Skin,False
ACH-001567,Skin,False
ACH-001568,Skin,False
ACH-001569,Skin,False
ACH-001570,Skin,False
ACH-001573,Myeloid,False
ACH-001574,Myeloid,False
ACH-001577,Myeloid,False
ACH-001578,Testis,True
ACH-001591,Lung,False
ACH-001599,Lung,False
ACH-001603,Peripheral_Nervous_System,True
ACH-001605,CNS_Brain,False
ACH-001606,CNS_Brain,False
ACH-001607,Biliary_Tract,True
ACH-001608,CNS_Brain,False
ACH-001609,CNS_Brain,False
ACH-001610,CNS_Brain,False
ACH-001611,CNS_Brain,False
ACH-001613,Myeloid,False
ACH-001616,Lymphoid,False
ACH-001617,Lymphoid,False
ACH-001618,Myeloid,False
ACH-001619,Biliary_Tract,True
ACH-001622,CNS_Brain,False
ACH-001623,CNS_Brain,False
ACH-001624,CNS_Brain,False
ACH-001625,Head_and_Neck,False
ACH-001626,Head_and_Neck,False
ACH-001627,Prostate,True
ACH-001628,Ovary_Fallopian_Tube,False
ACH-001630,Ovary_Fallopian_Tube,False
ACH-001632,Ovary_Fallopian_Tube,False
ACH-001634,Lymphoid,False
ACH-001636,Lymphoid,False
ACH-001638,Lymphoid,False
ACH-001639,Lymphoid,False
ACH-001641,Head_and_Neck,False
ACH-001642,Lymphoid,False
ACH-001645,Skin,False
ACH-001647,Myeloid,False
ACH-001648,Prostate,True
ACH-001649,Prostate,True
ACH-001650,Cervix,True
ACH-001651,Cervix,True
ACH-001652,Cervix,True
ACH-001653,Esophagus_Stomach,False
ACH-001654,Esophagus_Stomach,False
ACH-001655,Uterus,True
ACH-001656,Myeloid,False
ACH-001664,Esophagus_Stomach,False
ACH-001668,Testis,True
ACH-001669,Lymphoid,False
ACH-001670,CNS_Brain,False
ACH-001673,Biliary_Tract,True
ACH-001674,Peripheral_Nervous_System,True
ACH-001675,Head_and_Neck,False
ACH-001677,Lymphoid,False
ACH-001680,Lymphoid,False
ACH-001685,Lymphoid,False
ACH-001687,Kidney,True
ACH-001688,Kidney,True
ACH-001690,Head_and_Neck,False
ACH-001691,Head_and_Neck,False
ACH-001692,Head_and_Neck,False
ACH-001694,Head_and_Neck,False
ACH-001696,Head_and_Neck,False
ACH-001698,Head_and_Neck,False
ACH-001699,Head_and_Neck,False
ACH-001701,Head_and_Neck,False
ACH-001702,Soft_Tissue,False
ACH-001703,Lymphoid,False
ACH-001704,Skin,False
ACH-001707,Lymphoid,False
ACH-001709,Lymphoid,False
ACH-001711,CNS_Brain,False
ACH-001712,Bone,True
ACH-001715,Bone,True
ACH-001716,Peripheral_Nervous_System,True
ACH-001719,Ovary_Fallopian_Tube,False
ACH-001735,Lymphoid,False
ACH-001736,Lymphoid,False
ACH-001737,Lymphoid,False
ACH-001738,Lymphoid,False
ACH-001740,Soft_Tissue,False
ACH-001743,Soft_Tissue,False
ACH-001745,Soft_Tissue,False
ACH-001750,Soft_Tissue,False
ACH-001751,Soft_Tissue,False
ACH-001765,Soft_Tissue,False
ACH-001767,Fibroblast,True
ACH-001786,Bowel,False
ACH-001791,Soft_Tissue,False
ACH-001793,Soft_Tissue,False
ACH-001794,Soft_Tissue,False
ACH-001795,Soft_Tissue,False
ACH-001796,Soft_Tissue,False
ACH-001799,Soft_Tissue,False
ACH-001802,Soft_Tissue,False
ACH-001804,Soft_Tissue,False
ACH-001807,Soft_Tissue,False
ACH-001814,Bone,True
ACH-001818,Bone,True
ACH-001819,Breast,False
ACH-001820,Breast,False
ACH-001825,Bowel,False
ACH-001827,Breast,False
ACH-001834,Biliary_Tract,True
ACH-001835,Biliary_Tract,True
ACH-001836,Biliary_Tract,True
ACH-001838,Biliary_Tract,True
ACH-001839,Biliary_Tract,True
ACH-001841,Biliary_Tract,True
ACH-001842,Biliary_Tract,True
ACH-001843,Biliary_Tract,True
ACH-001844,Biliary_Tract,True
ACH-001845,Biliary_Tract,True
ACH-001846,Biliary_Tract,True
ACH-001848,Biliary_Tract,True
ACH-001849,Biliary_Tract,True
ACH-001850,Biliary_Tract,True
ACH-001852,Biliary_Tract,True
ACH-001853,Liver,True
ACH-001856,Biliary_Tract,True
ACH-001857,Biliary_Tract,True
ACH-001858,Biliary_Tract,True
ACH-001861,Biliary_Tract,True
ACH-001862,Ampulla_of_Vater,True
ACH-001863,Biliary_Tract,True
ACH-001864,Biliary_Tract,True
ACH-001958,Lung,False
ACH-001959,Biliary_Tract,True
ACH-001960,Biliary_Tract,True
ACH-001961,Biliary_Tract,True
ACH-001970,Skin,False
ACH-001973,Skin,False
ACH-001977,Pleura,True
ACH-001982,Skin,False
ACH-001986,Skin,False
ACH-001990,Skin,False
ACH-001991,Ovary_Fallopian_Tube,False
ACH-001992,Pleura,True
ACH-001993,Lymphoid,False
ACH-001997,Biliary_Tract,True
ACH-001999,Pancreas,False
ACH-002001,Skin,False
ACH-002002,Skin,False
ACH-002003,Skin,False
ACH-002004,Skin,False
ACH-002005,Skin,False
ACH-002011,Eye,True
ACH-002014,Eye,True
ACH-002015,Eye,True
ACH-002016,Eye,True
ACH-002017,Eye,True
ACH-002018,Eye,True
ACH-002019,Cervix,True
ACH-002020,Cervix,True
ACH-002021,Uterus,True
ACH-002023,Ampulla_of_Vater,True
ACH-002024,Bowel,False
ACH-002025,Bowel,False
ACH-002026,Uterus,True
ACH-002027,Uterus,True
ACH-002029,Head_and_Neck,False
ACH-002035,Lung,False
ACH-002038,Ovary_Fallopian_Tube,False
ACH-002039,Pancreas,False
ACH-002040,Vulva_Vagina,True
ACH-002041,Thyroid,True
ACH-002042,Head_and_Neck,False
ACH-002043,Head_and_Neck,False
ACH-002044,Head_and_Neck,False
ACH-002045,Head_and_Neck,False
ACH-002046,Uterus,True
ACH-002048,Soft_Tissue,False
ACH-002051,Lung,False
ACH-002052,Lung,False
ACH-002055,Lymphoid,False
ACH-002058,Lymphoid,False
ACH-002059,Lymphoid,False
ACH-002061,Myeloid,False
ACH-002062,Lymphoid,False
ACH-002065,Peripheral_Nervous_System,True
ACH-002066,Peripheral_Nervous_System,True
ACH-002067,Bone,True
ACH-002069,Bone,True
ACH-002070,CNS_Brain,False
ACH-002077,Lung,False
ACH-002080,Peripheral_Nervous_System,True
ACH-002083,Peripheral_Nervous_System,True
ACH-002084,Skin,False
ACH-002085,Soft_Tissue,False
ACH-002089,Lung,False
ACH-002090,Kidney,True
ACH-002091,Vulva_Vagina,True
ACH-002092,Bone,True
ACH-002093,Bone,True
ACH-002094,Bone,True
ACH-002095,Lung,False
ACH-002096,Skin,False
ACH-002097,Skin,False
ACH-002098,Skin,False
ACH-002099,Bone,True
ACH-002100,Skin,False
ACH-002101,Lung,False
ACH-002102,Lung,False
ACH-002103,Bone,True
ACH-002104,Bone,True
ACH-002105,Bone,True
ACH-002106,Bone,True
ACH-002107,Bone,True
ACH-002108,Bone,True
ACH-002109,Bone,True
ACH-002110,Bone,True
ACH-002111,Bone,True
ACH-002112,Bone,True
ACH-002113,Bone,True
ACH-002114,Bone,True
ACH-002115,Bone,True
ACH-002116,Bone,True
ACH-002117,Bone,True
ACH-002118,Bone,True
ACH-002119,Bone,True
ACH-002120,Vulva_Vagina,True
ACH-002121,Skin,False
ACH-002122,Lung,False
ACH-002123,Pleura,True
ACH-002124,Pleura,True
ACH-002125,Pleura,True
ACH-002126,Pleura,True
ACH-002127,Pleura,True
ACH-002128,Pleura,True
ACH-002129,Pleura,True
ACH-002130,Pleura,True
ACH-002131,Pleura,True
ACH-002132,Pleura,True
ACH-002133,Pleura,True
ACH-002134,Pleura,True
ACH-002135,Pleura,True
ACH-002136,Pleura,True
ACH-002138,Lung,False
ACH-002139,Kidney,True
ACH-002140,Ovary_Fallopian_Tube,False
ACH-002141,Esophagus_Stomach,False
ACH-002142,Bone,True
ACH-002143,Skin,False
ACH-002144,Lung,False
ACH-002145,Lung,False
ACH-002146,Ovary_Fallopian_Tube,False
ACH-002147,Skin,False
ACH-002148,Thyroid,True
ACH-002149,Ovary_Fallopian_Tube,False
ACH-002150,Kidney,True
ACH-002151,Kidney,True
ACH-002152,Skin,False
ACH-002153,Skin,False
ACH-002154,Lung,False
ACH-002155,Kidney,True
ACH-002156,Lung,False
ACH-002157,Lung,False
ACH-002158,Lung,False
ACH-002159,Skin,False
ACH-002160,Bone,True
ACH-002161,Esophagus_Stomach,False
ACH-002162,Skin,False
ACH-002163,Breast,False
ACH-002164,Pancreas,False
ACH-002165,Skin,False
ACH-002166,Skin,False
ACH-002167,Kidney,True
ACH-002168,Kidney,True
ACH-002169,Lung,False
ACH-002170,Lung,False
ACH-002171,Lung,False
ACH-002172,Lung,False
ACH-002173,Lung,False
ACH-002174,Lung,False
ACH-002175,Lung,False
ACH-002177,Lung,False
ACH-002178,Bone,True
ACH-002179,Breast,False
ACH-002180,Cervix,True
ACH-002181,Ovary_Fallopian_Tube,False
ACH-002182,Ovary_Fallopian_Tube,False
ACH-002183,Ovary_Fallopian_Tube,False
ACH-002184,Lung,False
ACH-002185,Pancreas,False
ACH-002186,Pancreas,False
ACH-002187,Kidney,True
ACH-002188,Kidney,True
ACH-002189,Kidney,True
ACH-002190,Kidney,True
ACH-002191,Kidney,True
ACH-002192,Kidney,True
ACH-002193,Lung,False
ACH-002195,Kidney,True
ACH-002196,Lung,False
ACH-002197,Lung,False
ACH-002198,Other,False
ACH-002199,Kidney,True
ACH-002200,Vulva_Vagina,True
ACH-002201,Cervix,True
ACH-002202,Esophagus_Stomach,False
ACH-002204,Bone,True
ACH-002205,Skin,False
ACH-002206,Skin,False
ACH-002207,Skin,False
ACH-002208,Breast,False
ACH-002209,Lymphoid,False
ACH-002210,Myeloid,False
ACH-002211,Lymphoid,False
ACH-002212,Head_and_Neck,False
ACH-002213,Head_and_Neck,False
ACH-002214,Lymphoid,False
ACH-002215,Lymphoid,False
ACH-002216,Lymphoid,False
ACH-002217,Peripheral_Nervous_System,True
ACH-002218,Myeloid,False
ACH-002219,Bowel,False
ACH-002220,Lymphoid,False
ACH-002221,Lymphoid,False
ACH-002222,Lymphoid,False
ACH-002223,CNS_Brain,False
ACH-002224,CNS_Brain,False
ACH-002225,CNS_Brain,False
ACH-002226,CNS_Brain,False
ACH-002227,CNS_Brain,False
ACH-002228,CNS_Brain,False
ACH-002229,CNS_Brain,False
ACH-002230,CNS_Brain,False
ACH-002231,CNS_Brain,False
ACH-002232,Lymphoid,False
ACH-002233,Bowel,False
ACH-002234,Head_and_Neck,False
ACH-002235,Bladder_Urinary_Tract,True
ACH-002236,Lymphoid,False
ACH-002237,Biliary_Tract,True
ACH-002238,Lymphoid,False
ACH-002239,Head_and_Neck,False
ACH-002240,Lymphoid,False
ACH-002241,Lymphoid,False
ACH-002242,Lymphoid,False
ACH-002243,Esophagus_Stomach,False
ACH-002244,Head_and_Neck,False
ACH-002245,Lymphoid,False
ACH-002246,Soft_Tissue,False
ACH-002247,Myeloid,False
ACH-002248,Peripheral_Nervous_System,True
ACH-002249,Head_and_Neck,False
ACH-002250,Head_and_Neck,False
ACH-002251,Head_and_Neck,False
ACH-002252,Lymphoid,False
ACH-002253,Lymphoid,False
ACH-002254,Lymphoid,False
ACH-002255,Lymphoid,False
ACH-002256,Lymphoid,False
ACH-002257,CNS_Brain,False
ACH-002258,Myeloid,False
ACH-002259,CNS_Brain,False
ACH-002261,Peripheral_Nervous_System,True
ACH-002262,Myeloid,False
ACH-002263,Esophagus_Stomach,False
ACH-002264,Esophagus_Stomach,False
ACH-002265,Head_and_Neck,False
ACH-002266,Bladder_Urinary_Tract,True
ACH-002267,Lymphoid,False
ACH-002268,CNS_Brain,False
ACH-002269,CNS_Brain,False
ACH-002270,Myeloid,False
ACH-002271,Soft_Tissue,False
ACH-002272,Lymphoid,False
ACH-002273,Myeloid,False
ACH-002274,Lymphoid,False
ACH-002275,Lymphoid,False
ACH-002276,Myeloid,False
ACH-002277,Peripheral_Nervous_System,True
ACH-002278,Peripheral_Nervous_System,True
ACH-002279,Peripheral_Nervous_System,True
ACH-002280,Peripheral_Nervous_System,True
ACH-002281,Peripheral_Nervous_System,True
ACH-002282,Peripheral_Nervous_System,True
ACH-002283,Peripheral_Nervous_System,True
ACH-002284,Peripheral_Nervous_System,True
ACH-002285,Peripheral_Nervous_System,True
ACH-002286,Lung,False
ACH-002287,Bowel,False
ACH-002288,Testis,True
ACH-002289,Lymphoid,False
ACH-002290,Myeloid,False
ACH-002291,Testis,True
ACH-002292,Esophagus_Stomach,False
ACH-002293,Lymphoid,False
ACH-002294,Head_and_Neck,False
ACH-002295,Head_and_Neck,False
ACH-002296,Head_and_Neck,False
ACH-002297,Head_and_Neck,False
ACH-002298,Head_and_Neck,False
ACH-002299,Myeloid,False
ACH-002300,Lymphoid,False
ACH-002301,Lymphoid,False
ACH-002302,Myeloid,False
ACH-002304,CNS_Brain,False
ACH-002305,Head_and_Neck,False
ACH-002306,Esophagus_Stomach,False
ACH-002307,Lymphoid,False
ACH-002308,Lymphoid,False
ACH-002309,Soft_Tissue,False
ACH-002310,Soft_Tissue,False
ACH-002311,Esophagus_Stomach,False
ACH-002312,Biliary_Tract,True
ACH-002313,Lymphoid,False
ACH-002314,Myeloid,False
ACH-002316,Myeloid,False
ACH-002317,Lymphoid,False
ACH-002319,Breast,False
ACH-002320,Breast,False
ACH-002321,Breast,False
ACH-002322,Breast,False
ACH-002323,Breast,False
ACH-002324,Breast,False
ACH-002325,Breast,False
ACH-002326,Breast,False
ACH-002327,Breast,False
ACH-002328,Breast,False
ACH-002329,Breast,False
ACH-002330,Breast,False
ACH-002331,Breast,False
ACH-002332,Soft_Tissue,False
ACH-002333,Lung,False
ACH-002334,Soft_Tissue,False
ACH-002336,Eye,True
ACH-002337,Lung,False
ACH-002338,Skin,False
ACH-002339,Lymphoid,False
ACH-002340,Peripheral_Nervous_System,True
ACH-002342,Normal,False
ACH-002343,Normal,False
ACH-002344,Normal,False
ACH-002345,Bowel,False
ACH-002346,Normal,False
ACH-002347,Normal,False
ACH-002348,CNS_Brain,False
ACH-002349,CNS_Brain,False
ACH-002350,Normal,False
ACH-002351,Normal,False
ACH-002352,Normal,False
ACH-002353,Normal,False
ACH-002354,Normal,False
ACH-002355,Normal,False
ACH-002356,Normal,False
ACH-002357,Normal,False
ACH-002358,Normal,False
ACH-002360,Normal,False
ACH-002361,Normal,False
ACH-002362,Normal,False
ACH-002363,Normal,False
ACH-002364,Normal,False
ACH-002365,Normal,False
ACH-002366,Normal,False
ACH-002367,Normal,False
ACH-002368,Normal,False
ACH-002369,Normal,False
ACH-002370,Normal,False
ACH-002371,Normal,False
ACH-002372,Normal,False
ACH-002373,Normal,False
ACH-002374,Normal,False
ACH-002375,Normal,False
ACH-002376,Normal,False
ACH-002377,Normal,False
ACH-002378,Normal,False
ACH-002379,Normal,False
ACH-002380,Normal,False
ACH-002381,Normal,False
ACH-002382,Normal,False
ACH-002383,Normal,False
ACH-002384,Normal,False
ACH-002386,Skin,False
ACH-002387,Skin,False
ACH-002388,Skin,False
ACH-002389,Peripheral_Nervous_System,True
ACH-002392,Lymphoid,False
ACH-002397,Thyroid,True
ACH-002399,Breast,False
ACH-002446,Esophagus_Stomach,False
ACH-002458,Skin,False
ACH-002459,Skin,False
ACH-002460,Skin,False
ACH-002461,Skin,False
ACH-002462,Eye,True
ACH-002463,Eye,True
ACH-002464,Eye,True
ACH-002465,Eye,True
ACH-002466,Eye,True
ACH-002467,Eye,True
ACH-002471,Bone,True
ACH-002475,Myeloid,False
ACH-002485,Lymphoid,False
ACH-002486,Ovary_Fallopian_Tube,False
ACH-002508,Skin,False
ACH-002509,Skin,False
ACH-002510,Skin,False
ACH-002511,Skin,False
ACH-002512,Skin,False
ACH-002523,Liver,True
ACH-002526,Lung,False
ACH-002531,Lung,False
ACH-002647,Biliary_Tract,True
ACH-002650,Lung,False
ACH-002654,Bowel,False
ACH-002659,Bowel,False
ACH-002664,Bowel,False
ACH-002669,Bowel,False
ACH-002672,Pancreas,False
ACH-002680,CNS_Brain,False
ACH-002687,Eye,True
ACH-002693,Peripheral_Nervous_System,True
ACH-002710,Peripheral_Nervous_System,True
ACH-002730,Esophagus_Stomach,False
ACH-002733,Esophagus_Stomach,False
ACH-002736,Esophagus_Stomach,False
ACH-002738,Pancreas,False
ACH-002742,Pancreas,False
ACH-002743,Pancreas,False
ACH-002744,Pancreas,False
ACH-002745,Pancreas,False
ACH-002757,Esophagus_Stomach,False
ACH-002785,Soft_Tissue,False
ACH-002799,Peripheral_Nervous_System,True
ACH-002800,Peripheral_Nervous_System,True
ACH-002834,Bone,True
ACH-002835,Esophagus_Stomach,False
ACH-002837,Esophagus_Stomach,False
ACH-002839,Bowel,False
ACH-002847,Skin,False
ACH-002871,Esophagus_Stomach,False
ACH-002883,Breast,False
ACH-002884,Breast,False
ACH-002885,Breast,False
ACH-002922,Peripheral_Nervous_System,True
ACH-002926,Eye,True
ACH-002950,Breast,False
ACH-002951,Breast,False
ACH-002954,Esophagus_Stomach,False
ACH-002967,Esophagus_Stomach,False
ACH-002968,Esophagus_Stomach,False
ACH-002972,Esophagus_Stomach,False
ACH-002979,Esophagus_Stomach,False
ACH-002981,Esophagus_Stomach,False
ACH-003071,Lung,False
